{"lr": 0.01, "data_time": 0.07381181716918946, "loss": 1.243366676568985, "time": 0.20812926292419434, "epoch": 1, "iter": 100, "memory": 1637, "step": 100}
{"accuracy/top1": 76.63999938964844, "data_time": 0.0662730505866726, "time": 0.15097768115301202, "step": 1}
{"lr": 0.01, "data_time": 0.013388395309448242, "loss": 1.1952241659164429, "time": 0.13618004322052002, "epoch": 2, "iter": 237, "memory": 1637, "step": 237}
{"accuracy/top1": 80.04571533203125, "data_time": 0.06530852421470311, "time": 0.15145969218102054, "step": 2}
{"lr": 0.01, "data_time": 0.007880377769470214, "loss": 0.8105181813240051, "time": 0.13433918952941895, "epoch": 3, "iter": 374, "memory": 1637, "step": 374}
{"accuracy/top1": 81.62285614013672, "data_time": 0.07071612883305205, "time": 0.1590135149333788, "step": 3}
{"lr": 0.01, "data_time": 0.017651748657226563, "loss": 0.7082395404577255, "time": 0.14586758613586426, "epoch": 4, "iter": 511, "memory": 1637, "step": 511}
{"accuracy/top1": 90.01142883300781, "data_time": 0.06727687172267748, "time": 0.1577643467032391, "step": 4}
{"lr": 0.01, "data_time": 0.027008605003356934, "loss": 0.6611113369464874, "time": 0.1537609338760376, "epoch": 5, "iter": 648, "memory": 1637, "step": 648}
{"accuracy/top1": 92.15999603271484, "data_time": 0.07553307906441066, "time": 0.16576064324033432, "step": 5}
{"lr": 0.01, "data_time": 0.022114372253417967, "loss": 0.6093581676483154, "time": 0.14882407188415528, "epoch": 6, "iter": 785, "memory": 1637, "step": 785}
{"accuracy/top1": 90.83428192138672, "data_time": 0.07411496708358543, "time": 0.16465504273124362, "step": 6}
{"lr": 0.01, "data_time": 0.09328105449676513, "loss": 0.5131319925189018, "time": 0.23174021244049073, "epoch": 7, "iter": 922, "memory": 1637, "step": 922}
{"accuracy/top1": 88.66285705566406, "data_time": 0.060714588649031044, "time": 0.15023486856101215, "step": 7}
{"lr": 0.01, "data_time": 0.009587287902832031, "loss": 0.4126209422945976, "time": 0.13784480094909668, "epoch": 8, "iter": 1059, "memory": 1637, "step": 1059}
{"accuracy/top1": 91.65714263916016, "data_time": 0.07300425094106923, "time": 0.16358768767204837, "step": 8}
{"lr": 0.01, "data_time": 0.02392921447753906, "loss": 0.5465138107538223, "time": 0.1499109983444214, "epoch": 9, "iter": 1196, "memory": 1637, "step": 1196}
{"accuracy/top1": 93.80570983886719, "data_time": 0.07394107528354811, "time": 0.16371834969175034, "step": 9}
{"lr": 0.01, "data_time": 0.057800579071044925, "loss": 0.3976128250360489, "time": 0.19075329303741456, "epoch": 10, "iter": 1333, "memory": 1637, "step": 1333}
{"accuracy/top1": 92.04571533203125, "data_time": 0.06412415400795314, "time": 0.1540552118550176, "step": 10}
